{"cameraMode":{"drawMode":0,"name":"Shaded","section":"Shading Mode"},"sceneLighting":true,"audioPlay":false,"sceneViewState":{"m_AlwaysRefresh":false,"showFog":true,"showSkybox":true,"showFlares":true,"showImageEffects":true,"showParticleSystems":true,"showVisualEffectGraphs":true,"m_FxEnabled":true},"in2DMode":false,"pivot":{"x":6.116077423095703,"y":1.2684805393218995,"z":-8.401132583618164},"rotation":{"x":0.14192084968090058,"y":-0.2446305900812149,"z":0.03622177615761757,"w":0.9584905505180359},"size":0.08444331586360932,"orthographic":false}